<?xml version="1.0" encoding="UTF-8"?>
<!--

    BleachBit
    Copyright (C) 2008-2023 Andrew Ziem
    https://www.bleachbit.org

    This program is free software: you can redistribute it and/or modify
    it under the terms of the GNU General Public License as published by
    the Free Software Foundation, either version 3 of the License, or
    (at your option) any later version.

    This program is distributed in the hope that it will be useful,
    but WITHOUT ANY WARRANTY; without even the implied warranty of
    MERCHANTABILITY or FITNESS FOR A PARTICULAR PURPOSE.  See the
    GNU General Public License for more details.

    You should have received a copy of the GNU General Public License
    along with this program.  If not, see <http://www.gnu.org/licenses/>.

    @app aMule
    @url http://www.amule.org/
    @os Windows, Linux
    @cleanerversion v3.0.1.0
    @cleanerdate 2019-11-15
    @cleanerby juancarlospaco (2009-06-25) & Andrew Ziem (2009-06-25 - 2009-10-04) & pereorga (2018-06-10) & Tobias B. Besemer (2019-03-15 - 2019-11-15)
    @tested ok v???, ???
    @testeddate 
    @testedby 
    @note 

-->
<cleaner id="amule">
  <label>aMule</label>
  <description>File transfer client</description>
  <var name="profile">
    <value os="windows">%AppData%\aMule</value>
    <value os="linux">~/.aMule</value>
  </var>
  <option id="logs">
    <label>Logs</label>
    <description>Delete the logs</description>
    <action command="delete" search="file" path="$$profile$$\logfile"/>
  </option>
  <option id="temp">
    <label>Temporary files</label>
    <description>Delete the temporary files</description>
    <action command="delete" search="walk.files" path="$$profile$$\Temp\"/>
  </option>
  <option id="known_files">
    <label>Known files history</label>
    <description>Delete the usage history</description>
    <action command="delete" search="file" path="$$profile$$\known.met"/>
    <action command="delete" search="file" path="$$profile$$\known2_64.met"/>
    <action command="delete" search="file" path="$$profile$$\canceled.met"/>
  </option>
  <option id="known_clients">
    <label translators="http://wiki.amule.org/wiki/Friend">Known clients and friends</label>
    <description>Delete the usage history</description>
    <action command="delete" search="file" path="$$profile$$\emfriends.met"/>
    <action command="delete" search="file" path="$$profile$$\clients.met"/>
  </option>
  <option id="backup">
    <label>Backup files</label>
    <description>Delete the backup files</description>
    <action command="delete" search="file" path="$$profile$$\logfile.bak"/>
    <action command="delete" search="file" path="$$profile$$\clients.met.bak"/>
  </option>
</cleaner>
