<?xml version="1.0" encoding="UTF-8"?>
<!--

    BleachBit
    Copyright (C) 2008-2023 Andrew Ziem
    https://www.bleachbit.org

    This program is free software: you can redistribute it and/or modify
    it under the terms of the GNU General Public License as published by
    the Free Software Foundation, either version 3 of the License, or
    (at your option) any later version.

    This program is distributed in the hope that it will be useful,
    but WITHOUT ANY WARRANTY; without even the implied warranty of
    MERCHANTABILITY or FITNESS FOR A PARTICULAR PURPOSE.  See the
    GNU General Public License for more details.

    You should have received a copy of the GNU General Public License
    along with this program.  If not, see <http://www.gnu.org/licenses/>.

-->
<!-- Gogeden (11/19/2011): tested on Trisquel GNUx and BleachBit 0.9.1 -->
<!-- AZ (1/13/2013): tested on Warzone 2100 3.1, Ubuntu 12.10, BleachBit 0.9.5 -->
<cleaner id="warzone2100">
  <label>Warzone2100</label>
  <description>Game</description>
  <option id="logs">
    <label>Logs</label>
    <description>Delete the logs</description>
    <action command="delete" search="walk.all" os="linux" path="~/.warzone2100*/logs/"/>
    <action command="delete" search="walk.all" os="windows" path="$USERPROFILE\My Documents\Warzone 2100*\logs\"/>
  </option>
</cleaner>
