<?xml version="1.0" encoding="UTF-8"?>
<!--

    BleachBit
    Copyright (C) 2008-2023 Andrew Ziem
    https://www.bleachbit.org

    This program is free software: you can redistribute it and/or modify
    it under the terms of the GNU General Public License as published by
    the Free Software Foundation, either version 3 of the License, or
    (at your option) any later version.

    This program is distributed in the hope that it will be useful,
    but WITHOUT ANY WARRANTY; without even the implied warranty of
    MERCHANTABILITY or FITNESS FOR A PARTICULAR PURPOSE.  See the
    GNU General Public License for more details.

    You should have received a copy of the GNU General Public License
    along with this program.  If not, see <http://www.gnu.org/licenses/>.

-->
<cleaner id="winamp" os="windows">
  <label>Winamp</label>
  <description>Media player</description>
  <option id="mru">
    <label>Most recently used</label>
    <description>Delete the most recently used list</description>
    <action command="delete" search="file" path="%APPDATA%\Winamp\winamp.m3u"/>
    <action command="delete" search="file" path="%APPDATA%\Winamp\winamp.m3u8"/>
  </option>
</cleaner>
